{
    "file":"{{texture.fullName}}",
    "frames":{{% for sprite in allSprites %}
        "{{sprite.trimmedName}}":{
            "x":{{sprite.frameRect.x}},
            "y":{{sprite.frameRect.y}},
            "w":{{sprite.frameRect.width}},
            "h":{{sprite.frameRect.height}}{% if sprite.trimmed %},
            "offX":{{sprite.cornerOffset.x}},
            "offY":{{sprite.cornerOffset.y}},
            "sourceW":{{sprite.untrimmedSize.width}},
            "sourceH":{{sprite.untrimmedSize.height}}{% endif %}
        }{% if not forloop.last %},{% endif %}{% endfor %}
    }
}
